name,id,route_id,LINENAME
1 Av,1 AV,L,L
103 St,103 ST,1,1
103 St,103 ST,6,6
103 St,103 ST,C,BC
103 St,103 ST,B,BC
103 St - Corona Plaza,103 ST-CORONA,7,7
104 St,104 ST,A,A
104 St,104 ST,J,JZ
104 St,104 ST,Z,JZ
110 St,110 ST,6,6
111 St,111 ST,7,7
111 St,111 ST,A,A
111 St,111 ST,J,J
116 St,116 ST,3,23
116 St,116 ST,2,23
116 St,116 ST,6,6
116 St,116 ST,C,BC
116 St,116 ST,B,BC
116 St - Columbia University,116 ST-COLUMBIA,1,1
121 St,121 ST,J,JZ
121 St,121 ST,Z,JZ
125 St,125 ST,1,1
125 St,125 ST,3,23
125 St,125 ST,2,23
125 St,125 ST,6,456
125 St,125 ST,4,456
125 St,125 ST,5,456
125 St,125 ST,C,ACBD
125 St,125 ST,D,ACBD
125 St,125 ST,A,ACBD
125 St,125 ST,B,ACBD
135 St,135 ST,3,23
135 St,135 ST,2,23
135 St,135 ST,C,BC
135 St,135 ST,B,BC
137 St - City College,137 ST CITY COL,1,1
138 St - Grand Concourse,138/GRAND CONC,4,45
138 St - Grand Concourse,138/GRAND CONC,5,45
14 St,14 ST,2,123FLM
14 St,14 ST,1,123FLM
14 St,14 ST,3,123FLM
14 St,14 ST,M,123FLM
14 St,14 ST,F,123FLM
14 St,14 ST,E,ACEL
14 St,14 ST,A,ACEL
14 St,14 ST,C,ACEL
145 St,145 ST,1,1
145 St,145 ST,3,3
145 St,145 ST,A,ABCD
145 St,145 ST,D,ABCD
145 St,145 ST,C,ABCD
145 St,145 ST,B,ABCD
149 St - Grand Concourse,149/GRAND CONC,2,245
149 St - Grand Concourse,149/GRAND CONC,4,245
149 St - Grand Concourse,149/GRAND CONC,5,245
155 St,155 ST,D,BD
155 St,155 ST,B,BD
155 St,155 ST,C,C
157 St,157 ST,1,1
163 St - Amsterdam Av,163 ST-AMSTERDM,C,C
167 St,167 ST,4,4
167 St,167 ST,D,BD
167 St,167 ST,B,BD
169 St,169 ST,F,F
170 St,170 ST,4,4
170 St,170 ST,D,BD
170 St,170 ST,B,BD
174 St,174 ST,2,25
174 St,174 ST,5,25
174-175 Sts,174-175 STS,D,BD
174-175 Sts,174-175 STS,B,BD
175 St,175 ST,A,A
176 St,176 ST,4,4
18 Av,18 AV,D,D
18 Av,18 AV,F,F
18 Av,18 AV,N,N
18 St,18 ST,1,1
181 St,181 ST,1,1
181 St,181 ST,A,A
182-183 Sts,182-183 STS,D,BD
182-183 Sts,182-183 STS,B,BD
183 St,183 ST,4,4
190 St,190 ST,A,A
191 St,191 ST,1,1
2 Av,2 AV,F,F
20 Av,20 AV,D,D
20 Av,20 AV,N,N
207 St,207 ST,1,1
21 St,21 ST,G,G
21 St - Queensbridge,21 ST-QNSBRIDGE,F,F
215 St,215 ST,1,1
219 St,219 ST,2,25
219 St,219 ST,5,25
225 St,225 ST,2,25
225 St,225 ST,5,25
23 St,23 ST,1,1
23 St,23 ST,6,6
23 St,23 ST,E,CE
23 St,23 ST,C,CE
23 St,23 ST,F,FM
23 St,23 ST,M,FM
23 St,23 ST,R,NRW
23 St,23 ST,W,NRW
231 St,231 ST,1,1
233 St,233 ST,2,25
233 St,233 ST,5,25
238 St,238 ST,1,1
25 Av,25 AV,D,D
25 St,25 ST,R,R
28 St,28 ST,1,1
28 St,28 ST,6,6
28 St,28 ST,R,NRW
28 St,28 ST,W,NRW
3 Av,3 AV,L,L
3 Av - 138 St,3 AV 138 ST,6,6
3 Av - 149 St,3 AV-149 ST,2,25
3 Av - 149 St,3 AV-149 ST,5,25
30 Av,30 AV,N,NQW
30 Av,30 AV,W,NQW
33 St,33 ST,6,6
33 St - Rawson St,33 ST-RAWSON ST,7,7
34 St - Herald Sq,34 ST-HERALD SQ,F,BDFMNQRW
34 St - Herald Sq,34 ST-HERALD SQ,R,BDFMNQRW
34 St - Herald Sq,34 ST-HERALD SQ,Q,BDFMNQRW
34 St - Herald Sq,34 ST-HERALD SQ,N,BDFMNQRW
34 St - Herald Sq,34 ST-HERALD SQ,D,BDFMNQRW
34 St - Herald Sq,34 ST-HERALD SQ,M,BDFMNQRW
34 St - Herald Sq,34 ST-HERALD SQ,B,BDFMNQRW
34 St - Herald Sq,34 ST-HERALD SQ,W,BDFMNQRW
34 St - Hudson Yds,34 ST-HUDSON YD,7,7
36 Av,36 AV,N,NQW
36 Av,36 AV,W,NQW
36 St,36 ST,N,DNR
36 St,36 ST,D,DNR
36 St,36 ST,R,DNR
36 St,36 ST,R,MR
36 St,36 ST,M,MR
39 Av - Dutch Kills,39 AV,N,NQW
39 Av - Dutch Kills,39 AV,W,NQW
4 Av - 9 St,4 AV-9 ST,R,DFGMNR
4 Av - 9 St,4 AV-9 ST,F,DFGMNR
4 Av - 9 St,4 AV-9 ST,G,DFGMNR
40 St - Lowery St,40 ST LOWERY ST,7,7
42 St - Bryant Pk,42 ST-BRYANT PK,F,BDFM7
42 St - Bryant Pk,42 ST-BRYANT PK,D,BDFM7
42 St - Bryant Pk,42 ST-BRYANT PK,M,BDFM7
42 St - Bryant Pk,42 ST-BRYANT PK,B,BDFM7
45 St,45 ST,R,R
46 St,46 ST,R,MR
46 St,46 ST,M,MR
46 St - Bliss St,46 ST BLISS ST,7,7
47-50 Sts - Rockefeller Ctr,47-50 STS ROCK,F,BDFM
47-50 Sts - Rockefeller Ctr,47-50 STS ROCK,D,BDFM
47-50 Sts - Rockefeller Ctr,47-50 STS ROCK,M,BDFM
47-50 Sts - Rockefeller Ctr,47-50 STS ROCK,B,BDFM
49 St,49 ST,R,NQRW
49 St,49 ST,N,NQRW
49 St,49 ST,W,NQRW
4 Av - 9 St,4AV-9 ST,F,DFGMNR
4 Av - 9 St,4AV-9 ST,G,DFGMNR
5 Av/53 St,5 AV/53 ST,E,EM
5 Av/53 St,5 AV/53 ST,M,EM
5 Av/59 St,5 AV/59 ST,N,NQRW
5 Av/59 St,5 AV/59 ST,R,NQRW
5 Av/59 St,5 AV/59 ST,W,NQRW
5 Av,5 AVE,7,7BDFM
50 St,50 ST,1,1
50 St,50 ST,E,CE
50 St,50 ST,C,CE
50 St,50 ST,D,D
51 St,51 ST,6,6
52 St,52 ST,7,7
53 St,53 ST,R,R
55 St,55 ST,D,D
57 St,57 ST,F,F
57 St - 7 Av,57 ST-7 AV,Q,NQRW
57 St - 7 Av,57 ST-7 AV,N,NQRW
57 St - 7 Av,57 ST-7 AV,R,NQRW
57 St - 7 Av,57 ST-7 AV,W,NQRW
6 Av,6 AV,L,FLM123
Woodside - 61 St,61 ST WOODSIDE,7,7
63 Dr - Rego Park,63 DR-REGO PARK,R,MR
63 Dr - Rego Park,63 DR-REGO PARK,M,MR
65 St,65 ST,R,MR
65 St,65 ST,M,MR
66 St - Lincoln Center,66 ST-LINCOLN,1,1
67 Av,67 AV,R,MR
67 Av,67 AV,M,MR
68 St - Hunter College,68ST-HUNTER CO,6,6
69 St,69 ST,7,7
7 Av,7 AV,E,BDE
7 Av,7 AV,D,BDE
7 Av,7 AV,B,BDE
7 Av,7 AV,Q,BQ
7 Av,7 AV,B,BQ
7 Av,7 AV,G,FG
7 Av,7 AV,F,FG
71 St,71 ST,D,D
72 St,72 ST,2,123
72 St,72 ST,3,123
72 St,72 ST,1,123
72 St,72 ST,C,BC
72 St,72 ST,B,BC
72 St,72 ST-2 AVE,Q,Q
74 St - Broadway,74 ST-BROADWAY,7,7EFMR
75 Av,75 AV,E,EF
75 Av,75 AV,F,EF
75 St - Elder Ln,75 ST-ELDERTS,J,JZ
75 St - Elder Ln,75 ST-ELDERTS,Z,JZ
77 St,77 ST,6,6
77 St,77 ST,R,R
79 St,79 ST,1,1
79 St,79 ST,D,D
8 Av,8 AV,L,ACEL
8 Av,8 AV,N,N
8 St - NYU,8 ST-NYU,R,NRW
8 St - NYU,8 ST-NYU,W,NRW
80 St,80 ST,A,A
81 St - Museum of Natural History,81 ST-MUSEUM,C,BC
81 St - Museum of Natural History,81 ST-MUSEUM,B,BC
82 St - Jackson Hts,82 ST-JACKSON H,7,7
85 St - Forest Pkwy,85 ST-FOREST PK,J,J
86 St,86 ST,1,1
86 St,86 ST,4,456
86 St,86 ST,5,456
86 St,86 ST,6,456
86 St,86 ST,C,BC
86 St,86 ST,B,BC
86 St,86 ST,N,N
86 St,86 ST,R,R
86 St,86 ST-2 AVE,Q,Q
88 St,88 ST,A,A
9 Av,9 AV,D,D
90 St - Elmhurst Av,90 ST-ELMHURST,7,7
96 St,96 ST,1,123
96 St,96 ST,2,123
96 St,96 ST,3,123
96 St,96 ST,6,6
96 St,96 ST,C,BC
96 St,96 ST,B,BC
96 St,96 ST-2 AVE,Q,Q
Alabama Av,ALABAMA AV,J,J
Alabama Av,ALABAMA AV,Z,J
Allerton Av,ALLERTON AV,2,25
Allerton Av,ALLERTON AV,5,25
Aqueduct - N Conduit Av,AQUEDUCT N.COND,A,A
Aqueduct Racetrack,AQUEDUCT RACETR,A,A
Astor Pl,ASTOR PL,6,6
Astoria Blvd,ASTORIA BLVD,N,NQW
Astoria Blvd,ASTORIA BLVD,W,NQW
Astoria - Ditmars Blvd,ASTORIA DITMARS,N,NQW
Astoria - Ditmars Blvd,ASTORIA DITMARS,W,NQW
Atlantic Av,ATLANTIC AV,L,L
Avenue H,AVENUE H,Q,BQ
Avenue I,AVENUE I,F,F
Avenue J,AVENUE J,Q,BQ
Avenue M,AVENUE M,Q,BQ
Avenue N,AVENUE N,F,F
Avenue P,AVENUE P,F,F
Avenue U,AVENUE U,Q,BQ
Avenue U,AVENUE U,F,F
Avenue U,AVENUE U,N,N
Avenue X,AVENUE X,F,F
Broadway-Lafayette St,B'WAY-LAFAYETTE,F,BDFQ6
Broadway-Lafayette St,B'WAY-LAFAYETTE,D,BDFQ6
Broadway-Lafayette St,B'WAY-LAFAYETTE,M,BDFQ6
Broadway-Lafayette St,B'WAY-LAFAYETTE,B,BDFQ6
Bay 50 St,BAY 50 ST,D,D
Bay Pkwy,BAY PKWY,D,D
Bay Pkwy,BAY PKWY,F,F
Bay Pkwy,BAY PKWY,N,N
Bay Ridge Av,BAY RIDGE AV,R,R
Bay Ridge - 95 St,BAY RIDGE-95 ST,R,R
Baychester Av,BAYCHESTER AV,5,5
Beach 25 St,BEACH 25 ST,A,A
Beach 36 St,BEACH 36 ST,A,A
Beach 44 St,BEACH 44 ST,A,A
Beach 60 St,BEACH 60 ST,A,A
Beach 67 St,BEACH 67 ST,A,A
Bedford Av,BEDFORD AV,L,L
Bedford Park Blvd - Lehman College,BEDFORD PK BLVD,4,4
Bedford Park Blvd,BEDFORD PK BLVD,D,BD
Bedford Park Blvd,BEDFORD PK BLVD,B,BD
Bedford - Nostrand Avs,BEDFORD-NOSTRAN,G,G
Bergen St,BERGEN ST,2,23
Bergen St,BERGEN ST,3,23
Bergen St,BERGEN ST,F,FG
Bergen St,BERGEN ST,G,FG
Beverley Rd,BEVERLEY ROAD,Q,BQ
Beverly Rd,BEVERLY RD,2,25
Beverly Rd,BEVERLY RD,5,25
Bleecker St,BLEECKER ST,6,6DF
Bowery,BOWERY,J,JZ
Bowery,BOWERY,Z,JZ
Bowling Green,BOWLING GREEN,5,45
Bowling Green,BOWLING GREEN,4,45
Briarwood,BRIARWOOD,E,EF
Briarwood,BRIARWOOD,F,EF
Brighton Beach,BRIGHTON BEACH,Q,BQ
Brighton Beach,BRIGHTON BEACH,B,BQ
Broad Channel,BROAD CHANNEL,A,AS
Broad St,BROAD ST,J,JZ
Broad St,BROAD ST,Z,JZ
Broadway,BROADWAY,G,G
Broadway,BROADWAY,N,NQW
Broadway,BROADWAY,W,NQW
Broadway Jct,BROADWAY JCT,L,ACJLZ
Broadway Jct,BROADWAY JCT,A,ACJLZ
Broadway Jct,BROADWAY JCT,J,ACJLZ
Broadway Jct,BROADWAY JCT,C,ACJLZ
Broadway Jct,BROADWAY JCT,Z,ACJLZ
Bronx Park East,BRONX PARK EAST,2,25
Bronx Park East,BRONX PARK EAST,5,25
Brook Av,BROOK AV,6,6
Brooklyn Bridge - City Hall,BROOKLYN BRIDGE,4,456JZ
Brooklyn Bridge - City Hall,BROOKLYN BRIDGE,6,456JZ
Brooklyn Bridge - City Hall,BROOKLYN BRIDGE,5,456JZ
Buhre Av,BUHRE AV,6,6
Burke Av,BURKE AV,2,25
Burke Av,BURKE AV,5,25
Burnside Av,BURNSIDE AV,4,4
Bushwick Av - Aberdeen St,BUSHWICK AV,L,L
Canal St,CANAL ST,1,1
Canal St,CANAL ST,A,ACE
Canal St,CANAL ST,C,ACE
Canal St,CANAL ST,E,ACE
Canal St,CANAL ST,J,JNQRZ6W
Canal St,CANAL ST,Q,JNQRZ6W
Canal St,CANAL ST,6,JNQRZ6W
Canal St,CANAL ST,R,JNQRZ6W
Canal St,CANAL ST,N,JNQRZ6W
Canal St,CANAL ST,W,JNQRZ6W
Canal St,CANAL ST,Z,JNQRZ6W
Canarsie - Rockaway Pkwy,CANARSIE-ROCKAW,L,L
Carroll St,CARROLL ST,G,FG
Carroll St,CARROLL ST,F,FG
Castle Hill Av,CASTLE HILL AV,6,6
Cathedral Pkwy (110 St),CATHEDRAL PKWY,1,1
Cathedral Pkwy (110 St),CATHEDRAL PKWY,C,BC
Cathedral Pkwy (110 St),CATHEDRAL PKWY,B,BC
Central Av,CENTRAL AV,M,M
Central Park North (110 St),CENTRAL PK N110,2,23
Central Park North (110 St),CENTRAL PK N110,3,23
Chambers St,CHAMBERS ST,1,123
Chambers St,CHAMBERS ST,2,123
Chambers St,CHAMBERS ST,3,123
Chambers St,CHAMBERS ST,C,ACE23
Chambers St,CHAMBERS ST,A,ACE23
Chambers St,CHAMBERS ST,J,JZ456
Chambers St,CHAMBERS ST,Z,JZ456
Chauncey St,CHAUNCEY ST,J,JZ
Chauncey St,CHAUNCEY ST,Z,JZ
Christopher St - Sheridan Sq,CHRISTOPHER ST,1,1
Church Av,CHURCH AV,2,25
Church Av,CHURCH AV,5,25
Church Av,CHURCH AV,Q,BQ
Church Av,CHURCH AV,B,BQ
Church Av,CHURCH AV,F,FG
Church Av,CHURCH AV,G,FG
City Hall,CITY HALL,R,NRW
City Hall,CITY HALL,W,NRW
Clark St,CLARK ST,3,23
Clark St,CLARK ST,2,23
Classon Av,CLASSON AV,G,G
Cleveland St,CLEVELAND ST,J,J
Clinton - Washington Avs,CLINTON-WASH AV,C,C
Clinton - Washington Avs,CLINTON-WASH AV,G,G
Coney Island - Stillwell Av,CONEY IS-STILLW,F,DFNQ
Coney Island - Stillwell Av,CONEY IS-STILLW,Q,DFNQ
Coney Island - Stillwell Av,CONEY IS-STILLW,D,DFNQ
Coney Island - Stillwell Av,CONEY IS-STILLW,N,DFNQ
Cortelyou Rd,CORTELYOU RD,Q,BQ
Cortlandt St,CORTLANDT ST,R,RNW
Cortlandt St,CORTLANDT ST,W,RNW
Court Sq,COURT SQ,7,7
Court Sq - 23 St,COURT SQ,G,EMG
Court Sq,COURT SQ-23 ST,E,EMG
Court Sq,COURT SQ-23 ST,M,EMG
Crescent St,CRESCENT ST,J,JZ
Crescent St,CRESCENT ST,Z,JZ
Crown Hts - Utica Av,CROWN HTS-UTICA,4,34
Crown Hts - Utica Av,CROWN HTS-UTICA,3,34
Crown Hts - Utica Av,CROWN HTS-UTICA,5,34
Cypress Av,CYPRESS AV,6,6
Cypress Hills,CYPRESS HILLS,J,J
DeKalb Av,DEKALB AV,R,BDNQR
DeKalb Av,DEKALB AV,Q,BDNQR
DeKalb Av,DEKALB AV,B,BDNQR
DeKalb Av,DEKALB AV,L,L
Delancy St - Essex St,DELANCEY/ESSEX,J,FJMZ
Delancey St - Essex St,DELANCEY/ESSEX,F,FJMZ
Delancy St - Essex St,DELANCEY/ESSEX,M,FJMZ
Delancy St - Essex St,DELANCEY/ESSEX,Z,FJMZ
Ditmas Av,DITMAS AV,F,F
Dyckman St,DYCKMAN ST,1,1
Dyckman St,DYCKMAN ST,A,A
E 143 St - St Mary's St,E 143/ST MARY'S,6,6
E 149 St,E 149 ST,6,6
E 180 St,E 180 ST,5,25
E 180 St,E 180 ST,2,25
E 105 St,EAST 105 ST,L,L
East Broadway,EAST BROADWAY,F,F
Eastchester - Dyre Av,EASTCHSTER/DYRE,5,5
Eastern Pkwy - Brooklyn Museum,EASTN PKWY-MUSM,3,23
Eastern Pkwy - Brooklyn Museum,EASTN PKWY-MUSM,2,23
Elder Av,ELDER AV,6,6
Elmhurst Av,ELMHURST AV,R,MR
Elmhurst Av,ELMHURST AV,M,MR
Euclid Av,EUCLID AV,A,AC
Euclid Av,EUCLID AV,C,AC
Far Rockaway - Mott Av,FAR ROCKAWAY,A,A
Flatbush Av - Brooklyn College,FLATBUSH AV-B.C,2,25
Flatbush Av - Brooklyn College,FLATBUSH AV-B.C,5,25
Flushing Av,FLUSHING AV,G,G
Flushing Av,FLUSHING AV,J,JM
Flushing Av,FLUSHING AV,M,JM
Flushing - Main St,FLUSHING-MAIN,7,7
Fordham Rd,FORDHAM RD,4,4
Fordham Rd,FORDHAM RD,D,BD
Fordham Rd,FORDHAM RD,B,BD
Forest Av,FOREST AVE,M,M
Forest Hills - 71 Av,FOREST HILLS 71,F,EFMR
Forest Hills - 71 Av,FOREST HILLS 71,E,EFMR
Forest Hills - 71 Av,FOREST HILLS 71,R,EFMR
Forest Hills - 71 Av,FOREST HILLS 71,M,EFMR
Franklin Av,FRANKLIN AV,3,2345S
Franklin Av,FRANKLIN AV,4,2345S
Franklin Av,FRANKLIN AV,2,2345S
Franklin Av,FRANKLIN AV,5,2345S
Franklin Av,FRANKLIN AV,C,ACS
Franklin St,FRANKLIN ST,1,1
Freeman St,FREEMAN ST,2,25
Freeman St,FREEMAN ST,5,25
Fresh Pond Rd,FRESH POND RD,M,M
Fort Hamilton Pkwy,FT HAMILTON PKY,D,D
Fort Hamilton Pkwy,FT HAMILTON PKY,F,FG
Fort Hamilton Pkwy,FT HAMILTON PKY,G,FG
Fort Hamilton Pkwy,FT HAMILTON PKY,N,N
Gates Av,GATES AV,J,JZ
Gates Av,GATES AV,Z,JZ
Graham Av,GRAHAM AV,L,L
Grand Army Plaza,GRAND ARMY PLAZ,3,23
Grand Army Plaza,GRAND ARMY PLAZ,2,23
Grand St,GRAND ST,D,BD
Grand St,GRAND ST,B,BD
Grand St,GRAND ST,L,L
Grand Av - Newtown,GRAND-NEWTOWN,R,MR
Grand Av - Newtown,GRAND-NEWTOWN,M,MR
Grant Av,GRANT AV,A,A
Grand Central - 42 St,GRD CNTRL-42 ST,7,4567S
Grand Central - 42 St,GRD CNTRL-42 ST,6,4567S
Grand Central - 42 St,GRD CNTRL-42 ST,4,4567S
Grand Central - 42 St,GRD CNTRL-42 ST,5,4567S
Greenpoint Av,GREENPOINT AV,G,G
Gun Hill Rd,GUN HILL RD,2,25
Gun Hill Rd,GUN HILL RD,5,25
Gun Hill Rd,GUN HILL RD,5,5
Halsey St,HALSEY ST,J,J
Halsey St,HALSEY ST,L,L
Harlem - 148 St,HARLEM 148 ST,3,3
Hewes St,HEWES ST,J,JM
Hewes St,HEWES ST,M,JM
High St,HIGH ST,A,AC
High St,HIGH ST,C,AC
Houston St,HOUSTON ST,1,1
Howard Beach - JFK Airport,HOWARD BCH JFK,A,A
Hoyt St,HOYT ST,2,23
Hoyt St,HOYT ST,3,23
Hoyt - Schermerhorn Sts,HOYT-SCHER,C,ACG
Hoyt - Schermerhorn Sts,HOYT-SCHER,G,ACG
Hoyt - Schermerhorn Sts,HOYT-SCHER,A,ACG
Hunters Point Av,HUNTERS PT AV,7,7
Hunts Point Av,HUNTS POINT AV,6,6
Intervale Av,INTERVALE AV,2,25
Intervale Av,INTERVALE AV,5,25
Inwood - 207 St,INWOOD-207 ST,A,A
Jackson Av,JACKSON AV,2,25
Jackson Av,JACKSON AV,5,25
Jamaica - 179 St,JAMAICA 179 ST,F,F
Jamaica Center - Parsons/Archer,JAMAICA CENTER,E,EJZ
Jamaica Center - Parsons/Archer,JAMAICA CENTER,J,EJZ
Jamaica Center - Parsons/Archer,JAMAICA CENTER,Z,EJZ
Jamaica - Van Wyck,JAMAICA VAN WK,E,E
Jay St - MetroTech,JAY ST-METROTEC,A,ACF
Jay St - MetroTech,JAY ST-METROTEC,F,ACF
Jay St - MetroTech,JAY ST-METROTEC,C,ACF
Jay St - MetroTech,JAY ST-METROTEC,R,R
Jefferson St,JEFFERSON ST,L,L
Jackson Hts - Roosevelt Av,JKSN HT-ROOSVLT,R,EFMR7
Jackson Hts - Roosevelt Av,JKSN HT-ROOSVLT,F,EFMR7
Jackson Hts - Roosevelt Av,JKSN HT-ROOSVLT,E,EFMR7
Jackson Hts - Roosevelt Av,JKSN HT-ROOSVLT,M,EFMR7
Junction Blvd,JUNCTION BLVD,7,7
Junius St,JUNIUS ST,3,3
Kings Hwy,KINGS HWY,Q,BQ
Kings Hwy,KINGS HWY,B,BQ
Kings Hwy,KINGS HWY,F,F
Kings Hwy,KINGS HWY,N,N
Kingsbridge Rd,KINGSBRIDGE RD,4,4
Kingsbridge Rd,KINGSBRIDGE RD,D,BD
Kingsbridge Rd,KINGSBRIDGE RD,B,BD
Kingston Av,KINGSTON AV,3,3
Kingston - Throop Avs,KINGSTON-THROOP,C,C
Knickerbocker Av,KNICKERBOCKER,M,M
Kosciuszko St,KOSCIUSZKO ST,J,J
Lafayette Av,LAFAYETTE AV,C,C
Lexington Av/53 St,LEXINGTON AV/53,E,EM6
Lexington Av/53 St,LEXINGTON AV/53,M,EM6
Lexington Av/63 St,LEXINGTON AV/63,Q,F
Lexington Av/63 St,LEXINGTON AV/63,F,F
Liberty Av,LIBERTY AV,C,C
Livonia Av,LIVONIA AV,L,L
Longwood Av,LONGWOOD AV,6,6
Lorimer St,LORIMER ST,J,JM
Lorimer St,LORIMER ST,M,JM
Lorimer St,LORIMER ST,L,LG
Marble Hill - 225 St,MARBLE HILL-225,1,1
Marcy Av,MARCY AV,J,JMZ
Marcy Av,MARCY AV,M,JMZ
Marcy Av,MARCY AV,Z,JMZ
Metropolitan Av,METROPOLITAN AV,G,GL
Middle Village - Metropolitan Av,METROPOLITAN AV,M,M
Mets - Willets Point,METS-WILLETS PT,7,7
Middletown Rd,MIDDLETOWN RD,6,6
Montrose Av,MONTROSE AV,L,L
Morgan Av,MORGAN AV,L,L
Morrison Av- Sound View,MORISN AV/SNDVW,6,6
Morris Park,MORRIS PARK,5,5
Mosholu Pkwy,MOSHOLU PKWY,4,4
Mt Eden Av,MT EDEN AV,4,4
Myrtle Av,MYRTLE AV,J,JMZ
Myrtle Av,MYRTLE AV,M,JMZ
Myrtle Av,MYRTLE AV,Z,JMZ
Myrtle - Willoughby Avs,MYRTLE-WILLOUGH,G,G
Myrtle - Wyckoff Avs,MYRTLE-WYCKOFF,L,LM
Myrtle - Wyckoff Avs,MYRTLE-WYCKOFF,M,LM
Nassau Av,NASSAU AV,G,G
Neck Rd,NECK RD,Q,BQ
Neptune Av,NEPTUNE AV,F,F
Nereid Av,NEREID AV,2,25
Nereid Av,NEREID AV,5,25
Nevins St,NEVINS ST,2,2345
Nevins St,NEVINS ST,4,2345
Nevins St,NEVINS ST,3,2345
Nevins St,NEVINS ST,5,2345
New Lots Av,NEW LOTS,L,L
New Lots Av,NEW LOTS AV,3,3
New Utrecht Av,NEW UTRECHT AV,N,ND
62 St,NEW UTRECHT AV,D,ND
Newkirk Av,NEWKIRK AV,2,25
Newkirk Av,NEWKIRK AV,5,25
Newkirk Plaza,NEWKIRK PLAZA,Q,BQ
Newkirk Plaza,NEWKIRK PLAZA,B,BQ
Northern Blvd,NORTHERN BLVD,R,MR
Northern Blvd,NORTHERN BLVD,M,MR
Norwood - 205 St,NORWOOD 205 ST,D,D
Norwood Av,NORWOOD AV,J,JZ
Norwood Av,NORWOOD AV,Z,JZ
Nostrand Av,NOSTRAND AV,3,3
Nostrand Av,NOSTRAND AV,A,AC
Nostrand Av,NOSTRAND AV,C,AC
Ocean Pkwy,OCEAN PKWY,Q,Q
Ozone Park - Lefferts Blvd,OZONE PK LEFFRT,A,A
Park Pl,PARK PLACE,2,23ACE
Park Pl,PARK PLACE,3,23ACE
Parkchester,PARKCHESTER,6,6
Parkside Av,PARKSIDE AV,Q,BQ
Parsons Blvd,PARSONS BLVD,F,F
Pelham Bay Park,PELHAM BAY PARK,6,6
Pelham Pkwy,PELHAM PKWY,2,25
Pelham Pkwy,PELHAM PKWY,5,25
Pelham Pkwy,PELHAM PKWY,5,25
Pennsylvania Av,PENNSYLVANIA AV,3,3
President St,PRESIDENT ST,2,25
President St,PRESIDENT ST,5,25
Prince St,PRINCE ST,R,NRW
Prince St,PRINCE ST,W,NRW
Prospect Av,PROSPECT AV,2,25
Prospect Av,PROSPECT AV,5,25
Prospect Av,PROSPECT AV,R,R
Prospect Park,PROSPECT PARK,Q,BQS
Prospect Park,PROSPECT PARK,B,BQS
Queens Plaza,QUEENS PLAZA,E,EMR
Queens Plaza,QUEENS PLAZA,R,EMR
Queens Plaza,QUEENS PLAZA,M,EMR
Queensboro Plaza,QUEENSBORO PLZ,7,7NQW
Queensboro Plaza,QUEENSBORO PLZ,N,7NQW
Queensboro Plaza,QUEENSBORO PLZ,W,7NQW
Ralph Av,RALPH AV,C,C
Rector St,RECTOR ST,1,1
Rector St,RECTOR ST,R,NRW
Rector St,RECTOR ST,W,NRW
Rockaway Av,ROCKAWAY AV,3,3
Rockaway Av,ROCKAWAY AV,C,C
Rockaway Blvd,ROCKAWAY BLVD,A,A
Roosevelt Island,ROOSEVELT ISLND,F,F
Saratoga Av,SARATOGA AV,3,3
Seneca Av,SENECA AVE,M,M
Sheepshead Bay,SHEEPSHEAD BAY,Q,BQ
Sheepshead Bay,SHEEPSHEAD BAY,B,BQ
Shepherd Av,SHEPHERD AV,C,C
Simpson St,SIMPSON ST,2,25
Simpson St,SIMPSON ST,5,25
Smith - 9 Sts,SMITH-9 ST,F,FG
Smith - 9 Sts,SMITH-9 ST,G,FG
South Ferry,SOUTH FERRY,1,1RW
Spring St,SPRING ST,6,6
Spring St,SPRING ST,E,CE
Spring St,SPRING ST,C,CE
St Lawrence Av,ST LAWRENCE AV,6,6
Steinway St,STEINWAY ST,R,MR
Steinway St,STEINWAY ST,M,MR
Sterling St,STERLING ST,2,25
Sterling St,STERLING ST,5,25
Sutphin Blvd,SUTPHIN BLVD,F,F
Sutphin Blvd - Archer Av - JFK Airport,SUTPHIN-ARCHER,E,EJZ
Sutphin Blvd - Archer Av - JFK Airport,SUTPHIN-ARCHER,J,EJZ
Sutphin Blvd - Archer Av - JFK Airport,SUTPHIN-ARCHER,Z,EJZ
Sutter Av,SUTTER AV,L,L
Sutter Av - Rutland Rd,SUTTER AV-RUTLD,3,3
Tremont Av,TREMONT AV,D,BD
Tremont Av,TREMONT AV,B,BD
Union St,UNION ST,R,R
Utica Av,UTICA AV,A,AC
Utica Av,UTICA AV,C,AC
Van Cortlandt Park - 242 St,V.CORTLANDT PK,1,1
Van Siclen Av,VAN SICLEN AV,3,3
Van Siclen Av,VAN SICLEN AV,J,JZ
Van Siclen Av,VAN SICLEN AV,Z,JZ
Van Siclen Av,VAN SICLEN AVE,C,C
Vernon Blvd - Jackson Av,VERNON-JACKSON,7,7
W 4 St - Wash Sq,W 4 ST-WASH SQ,E,ABCDEFM
W 4 St - Wash Sq,W 4 ST-WASH SQ,F,ABCDEFM
W 4 St - Wash Sq,W 4 ST-WASH SQ,D,ABCDEFM
W 4 St - Wash Sq,W 4 ST-WASH SQ,A,ABCDEFM
W 4 St - Wash Sq,W 4 ST-WASH SQ,C,ABCDEFM
W 4 St - Wash Sq,W 4 ST-WASH SQ,M,ABCDEFM
W 4 St - Wash Sq,W 4 ST-WASH SQ,B,ABCDEFM
W 8 St - NY Aquarium,W 8 ST-AQUARIUM,Q,FQ
W 8 St - NY Aquarium,W 8 ST-AQUARIUM,F,FQ
Wakefield - 241 St,WAKEFIELD/241,2,2
Wall St,WALL ST,2,23
Wall St,WALL ST,3,23
Wall St,WALL ST,4,45
Wall St,WALL ST,5,45
West Farms Sq - E Tremont Av,WEST FARMS SQ,2,25
West Farms Sq - E Tremont Av,WEST FARMS SQ,5,25
Westchester Sq - E Tremont Av,WESTCHESTER SQ,6,6
Whitehall St - South Ferry,WHITEHALL S-FRY,R,R1W
Whitehall St - South Ferry,WHITEHALL S-FRY,W,R1W
Whitlock Av,WHITLOCK AV,6,6
Wilson Av,WILSON AV,L,L
Winthrop St,WINTHROP ST,2,25
Winthrop St,WINTHROP ST,5,25
Woodhaven Blvd,WOODHAVEN BLVD,J,JZ
Woodhaven Blvd,WOODHAVEN BLVD,Z,JZ
Woodhaven Blvd,WOODHAVEN BLVD,R,MR
Woodhaven Blvd,WOODHAVEN BLVD,M,MR
Woodlawn,WOODLAWN,4,4
World Trade Center,WORLD TRADE CTR,E,ACE23
Cortlandt St,WTC-CORTLANDT,1,1
York St,YORK ST,F,F
Zerega Av,ZEREGA AV,6,6
Fulton St,FULTON ST,G,G
14 St - Union Sq,14 ST-UNION SQ,Q,456LNQRW
14 St - Union Sq,14 ST-UNION SQ,N,456LNQRW
14 St - Union Sq,14 ST-UNION SQ,R,456LNQRW
14 St - Union Sq,14 ST-UNION SQ,W,456LNQRW
14 St - Union Sq,14 ST-UNION SQ,6,LNQR456W
Union Sq - 14 St,14 ST-UNION SQ,L,LNQR456W
14 St - Union Sq,14 ST-UNION SQ,4,LNQR456W
14 St - Union Sq,14 ST-UNION SQ,5,LNQR456W
168 St,168 ST,A,1AC
168 St,168 ST,C,1AC
168 St - Washington Hts,168 ST,1,1AC
34 St - Penn Station,34 ST-PENN STA,1,123
34 St - Penn Station,34 ST-PENN STA,3,123
34 St - Penn Station,34 ST-PENN STA,2,123
34 St - Penn Station,34 ST-PENN STA,A,123ACE
34 St - Penn Station,34 ST-PENN STA,E,123ACE
34 St - Penn Station,34 ST-PENN STA,C,123ACE
42 St - Port Authority Bus Terminal,42 ST-PORT AUTH,E,ACENGRS1237W
42 St - Port Authority Bus Terminal,42 ST-PORT AUTH,A,ACENGRS1237W
42 St - Port Authority Bus Terminal,42 ST-PORT AUTH,C,ACENGRS1237W
59 St,59 ST,N,456NQRW
59 St,59 ST,4,456NQRW
59 St,59 ST,R,456NQRW
Lexington Av/59 St,59 ST,R,456NQRW
59 St,59 ST,5,456NQRW
59 St,59 ST,6,456NQRW
Lexington Av/59 St,59 ST,N,456NQRW
Lexington Av/59 St,59 ST,W,456NQRW
59 St - Columbus Circle,59 ST COLUMBUS,D,1ABCD
59 St - Columbus Circle,59 ST COLUMBUS,A,1ABCD
59 St - Columbus Circle,59 ST COLUMBUS,1,1ABCD
59 St - Columbus Circle,59 ST COLUMBUS,C,1ABCD
59 St - Columbus Circle,59 ST COLUMBUS,B,1ABCD
Atlantic Av - Barclays Ctr,ATL AV-BARCLAY,3,2345BDNQR
Atlantic Av - Barclays Ctr,ATL AV-BARCLAY,4,2345BDNQR
Atlantic Av - Barclays Ctr,ATL AV-BARCLAY,2,2345BDNQR
Atlantic Av - Barclays Ctr,ATL AV-BARCLAY,D,2345BDNQR
Atlantic Av - Barclays Ctr,ATL AV-BARCLAY,R,2345BDNQR
Atlantic Av - Barclays Ctr,ATL AV-BARCLAY,N,2345BDNQR
Atlantic Av - Barclays Ctr,ATL AV-BARCLAY,Q,2345BDNQR
Atlantic Av - Barclays Ctr,ATL AV-BARCLAY,5,2345BDNQR
Atlantic Av - Barclays Ctr,ATL AV-BARCLAY,B,2345BDNQR
Court St,BOROUGH HALL,R,2345R
Borough Hall,BOROUGH HALL,4,2345R
Borough Hall,BOROUGH HALL,2,2345R
Borough Hall,BOROUGH HALL,3,2345R
Borough Hall,BOROUGH HALL,5,2345R
Fulton St,FULTON ST,J,2345ACJZ
Fulton St,FULTON ST,Z,2345ACJZ
Fulton St,FULTON ST,4,ACJZ2345
Fulton St,FULTON ST,2,ACJZ2345
Fulton St,FULTON ST,A,ACJZ2345
Fulton St,FULTON ST,3,ACJZ2345
Fulton St,FULTON ST,C,ACJZ2345
Fulton St,FULTON ST,5,ACJZ2345
Times Sq - 42 St,TIMES SQ-42 ST,7,1237ACENQRS
Times Sq - 42 St,TIMES SQ-42 ST,1,1237ACENQRS
Times Sq - 42 St,TIMES SQ-42 ST,3,1237ACENQRS
Times Sq - 42 St,TIMES SQ-42 ST,2,1237ACENQRS
Times Sq - 42 St,TIMES SQ-42 ST,N,1237ACENQRSW
Times Sq - 42 St,TIMES SQ-42 ST,Q,1237ACENQRSW
Times Sq - 42 St,TIMES SQ-42 ST,R,1237ACENQRSW
Times Sq - 42 St,TIMES SQ-42 ST,W,1237ACENQRSW
